{"name":"Awesome Map","width":1000,"height":1000,"scale":1000,"seed":27.679636065175888,"randomSeed":true,"locations":{"vegLocation":"./server/simulation/entities/vegetation","peopleLocation":"./server/simulation/entities/people","otherLocation":"./server/simulation/entities/other"},"noise":{"seed":17.437582942016224,"randomSeed":true,"scale":0.000001,"octaves":12,"minNoiseHeight":-1.6723386752659535,"maxNoiseHeight":1.6673714203659595,"persistence":0.5,"lacunarity":2,"offsets":[[75307.8563329337,31640.42920519371],[-83284.78426327585,-58478.921613343475],[56958.409285315254,4712.080124106971],[-53634.61475868354,-60535.424742144714],[-82983.42072629227,15294.305028801537],[23146.221315802526,-71859.29097173372],[-87230.88970727714,-67926.35311020243],[26883.307729536245,37109.11626691447],[-2498.5380149303237,80521.7076365168],[-26138.7259928828,-9609.833160653885],[-89270.32378236111,-4182.019008996198],[-8672.766656109627,52874.44504220114]]},"biomes":[{"name":"water","minHeight":-1,"maxHeight":0.5},{"name":"land","minHeight":0.5,"maxHeight":2}],"mapChunks":[{"width":1000,"height":1000,"scale":100,"maxZoom":1000,"minZoom":0.01,"generate":false},{"width":1000,"height":1000,"scale":10,"maxZoom":1000,"minZoom":0.1,"generate":true},{"width":1000,"height":1000,"scale":1,"maxZoom":1000,"minZoom":0.6,"generate":true}]}