{"name":"Awesome Map","width":1000,"height":1000,"scale":1000,"seed":49.684083485228925,"randomSeed":true,"locations":{"vegLocation":"./server/simulation/entities/vegetation","peopleLocation":"./server/simulation/entities/people"},"noise":{"seed":14.03933344516773,"randomSeed":true,"scale":0.000001,"octaves":12,"minNoiseHeight":-1.6723386752659535,"maxNoiseHeight":1.6673714203659595,"persistence":0.5,"lacunarity":2,"offsets":[[-9705.815590265061,-17021.702320465585],[-58392.495428743125,56410.73180166358],[-28205.764540230623,-62666.04675093818],[-81757.2395427932,-37113.25906496131],[16161.322690012254,76721.53933524387],[76094.91519158779,31001.425863447716],[-61302.39383899489,28566.18047793678],[86421.97051524906,-13603.957185036168],[-20044.080337741107,14028.908662670263],[35372.178026322945,-22139.91708588507],[-80280.25727271225,46878.40786153547],[92906.09575862845,8982.289580561934]]},"biomes":[{"name":"water","minHeight":-1,"maxHeight":0.5},{"name":"land","minHeight":0.5,"maxHeight":2}],"mapChunks":[{"width":1000,"height":1000,"scale":100,"maxZoom":1000,"minZoom":0.01,"generate":false},{"width":1000,"height":1000,"scale":10,"maxZoom":1000,"minZoom":0.1,"generate":true},{"width":1000,"height":1000,"scale":1,"maxZoom":1000,"minZoom":0.6,"generate":true}]}