{"name":"Awesome Map","width":1000,"height":1000,"scale":1000,"seed":43.37174851542517,"randomSeed":true,"locations":{"vegLocation":"./server/simulation/entities/vegetation","peopleLocation":"./server/simulation/entities/people"},"noise":{"seed":19.627512547364454,"randomSeed":true,"scale":0.000001,"octaves":12,"minNoiseHeight":-1.6723386752659535,"maxNoiseHeight":1.6673714203659595,"persistence":0.5,"lacunarity":2,"offsets":[[-20508.701254131636,-83801.93577916964],[55140.54850475927,-24069.428327549933],[-6570.183759991138,-98320.731931115],[-73061.0896572127,23925.50531191319],[14144.618172109855,-89619.93647534493],[-17102.619992858657,21346.42363272002],[-9604.120017447756,947.9693529002398],[67518.72213888509,-13781.846644199439],[97948.35136987321,7279.515798946013],[-61065.581852811476,72901.58653565834],[-20984.762263779572,31597.40609245948],[49671.121776774584,-69802.65122767605]]},"biomes":[{"name":"water","minHeight":-1,"maxHeight":0.5},{"name":"land","minHeight":0.5,"maxHeight":2}],"mapChunks":[{"width":1000,"height":1000,"scale":100,"maxZoom":1000,"minZoom":0.01,"generate":false},{"width":1000,"height":1000,"scale":10,"maxZoom":1000,"minZoom":0.1,"generate":true},{"width":1000,"height":1000,"scale":1,"maxZoom":1000,"minZoom":0.6,"generate":true}]}