{"name":"Awesome Map","width":1000,"height":1000,"scale":1000,"seed":48.36105259341628,"randomSeed":true,"locations":{"vegLocation":"./server/simulation/entities/vegetation","peopleLocation":"./server/simulation/entities/people","otherLocation":"./server/simulation/entities/other"},"noise":{"seed":26.69787928330013,"randomSeed":true,"scale":0.000001,"octaves":12,"minNoiseHeight":-1.6723386752659535,"maxNoiseHeight":1.6673714203659595,"persistence":0.5,"lacunarity":2,"offsets":[[-73226.678098445,37146.54155731495],[28524.85240219868,83836.17160542295],[70253.65774633188,74327.03629226956],[-36816.376734230995,59777.01482509766],[-83226.40819432867,-46086.44510049611],[61693.01723570403,42802.12073397319],[-38504.17992133956,34455.446638579655],[-76794.74652372222,-17543.416229756986],[-58623.520180112646,43290.55325877239],[-59758.5350539673,-65580.95655714595],[12954.581918994169,61513.886371522676],[-64082.49496403927,99002.14278328663]]},"biomes":[{"name":"water","minHeight":-1,"maxHeight":0.5},{"name":"land","minHeight":0.5,"maxHeight":2}],"mapChunks":[{"width":1000,"height":1000,"scale":100,"maxZoom":1000,"minZoom":0.01,"generate":false},{"width":1000,"height":1000,"scale":10,"maxZoom":1000,"minZoom":0.1,"generate":true},{"width":1000,"height":1000,"scale":1,"maxZoom":1000,"minZoom":0.6,"generate":true}]}