{"name":"Awesome Map","width":1000,"height":1000,"scale":1000,"seed":91.24083207147468,"randomSeed":true,"locations":{"vegLocation":"./server/simulation/entities/vegetation","peopleLocation":"./server/simulation/entities/people"},"noise":{"seed":38.13727822508836,"randomSeed":true,"scale":0.000001,"octaves":12,"minNoiseHeight":-1.6723386752659535,"maxNoiseHeight":1.6673714203659595,"persistence":0.5,"lacunarity":2,"offsets":[[-75410.57116603172,42664.82749568339],[5616.120191113645,-12772.521187688428],[36126.08824952904,-93247.18822432442],[-64322.01620022242,-29081.987031150784],[50145.82083545087,-28729.55644648183],[-39897.838750745876,-69543.68889283955],[82262.21152965169,-39571.38511311044],[-6160.683088580117,97791.85696651269],[32938.550705570466,44999.13743926131],[36726.89224524185,-19823.428547219213],[-44489.98382951128,74372.08662536475],[43281.560605445964,-83395.1556583397]]},"biomes":[{"name":"water","minHeight":-1,"maxHeight":0.5},{"name":"land","minHeight":0.5,"maxHeight":2}],"mapChunks":[{"width":1000,"height":1000,"scale":100,"maxZoom":1000,"minZoom":0.01,"generate":false},{"width":1000,"height":1000,"scale":10,"maxZoom":1000,"minZoom":0.1,"generate":true},{"width":1000,"height":1000,"scale":1,"maxZoom":1000,"minZoom":0.6,"generate":true}]}