{"name":"Awesome Map","width":1000,"height":1000,"scale":1000,"seed":70.36409417904865,"randomSeed":true,"locations":{"vegLocation":"./server/simulation/entities/vegetation","peopleLocation":"./server/simulation/entities/people","otherLocation":"./server/simulation/entities/other"},"noise":{"seed":53.643454957704805,"randomSeed":true,"scale":0.000001,"octaves":12,"minNoiseHeight":-1.6723386752659535,"maxNoiseHeight":1.6673714203659595,"persistence":0.5,"lacunarity":2,"offsets":[[64145.95496609897,-34160.09048038449],[4086.078158348566,-319.1789196395839],[-45589.18064801024,-28687.671661780303],[-23609.894720583863,-6165.105978129635],[-45289.650915634105,10619.83062793393],[-83770.2216586009,-75820.94712068423],[67479.81266797808,59521.64390540778],[57932.041206303984,22892.417223710072],[15833.464136892726,-16953.51059405123],[-24010.399012399896,14076.517592026066],[-36882.46368267134,-29066.28258328569],[66007.05194067393,73932.01201994502]]},"biomes":[{"name":"water","minHeight":-1,"maxHeight":0.5},{"name":"land","minHeight":0.5,"maxHeight":2}],"mapChunks":[{"width":1000,"height":1000,"scale":100,"maxZoom":1000,"minZoom":0.01,"generate":false},{"width":1000,"height":1000,"scale":10,"maxZoom":1000,"minZoom":0.1,"generate":true},{"width":1000,"height":1000,"scale":1,"maxZoom":1000,"minZoom":0.6,"generate":true}]}