{"name":"Awesome Map","width":1000,"height":1000,"scale":1000,"seed":34.769475037815326,"randomSeed":true,"locations":{"vegLocation":"./server/simulation/entities/vegetation","peopleLocation":"./server/simulation/entities/people"},"noise":{"seed":84.59251140640535,"randomSeed":true,"scale":0.000001,"octaves":12,"minNoiseHeight":-1.6723386752659535,"maxNoiseHeight":1.6673714203659595,"persistence":0.5,"lacunarity":2,"offsets":[[82719.11135792622,13504.10632773819],[-86085.56739539163,74266.094996061],[79468.39123676083,86016.40457574982],[49917.700903994584,24890.889105892013],[40275.297053507384,10732.99089965252],[-38026.15145077429,-40747.17291649792],[66519.91026729724,56469.081384201156],[30813.25810371997,23500.873079593788],[62373.44647571724,-15530.62083046489],[-37407.71122790148,91620.31819373392],[15296.164787961738,73822.95900484372],[71643.85249622076,48241.799238394364]]},"biomes":[{"name":"water","minHeight":-1,"maxHeight":0.5},{"name":"land","minHeight":0.5,"maxHeight":2}],"mapChunks":[{"width":1000,"height":1000,"scale":100,"maxZoom":1000,"minZoom":0.01,"generate":false},{"width":1000,"height":1000,"scale":10,"maxZoom":1000,"minZoom":0.1,"generate":true},{"width":1000,"height":1000,"scale":1,"maxZoom":1000,"minZoom":0.6,"generate":true}]}