{"name":"Awesome Map","width":1000,"height":1000,"scale":1000,"seed":73.2799446731812,"randomSeed":true,"locations":{"vegLocation":"./server/simulation/entities/vegetation","peopleLocation":"./server/simulation/entities/people","otherLocation":"./server/simulation/entities/other"},"noise":{"seed":29.09401677221502,"randomSeed":true,"scale":0.000001,"octaves":12,"minNoiseHeight":-1.6723386752659535,"maxNoiseHeight":1.6673714203659595,"persistence":0.5,"lacunarity":2,"offsets":[[-216.3083324101317,-30565.16376785148],[38726.03200226932,-95429.39354972506],[-97329.77655305529,-40964.54821774743],[-61078.40597955692,25090.61754245106],[51386.86893004237,6090.557865243929],[43056.356347616966,11394.85010056151],[-76203.09536879022,-60458.29253161097],[-13653.818602736457,-34657.74646783675],[90646.32513005834,58548.68128563027],[-15062.59492930297,-2806.7168325516686],[-44612.265823489884,65186.42622063303],[4046.525262806623,-38277.884737471155]]},"biomes":[{"name":"water","minHeight":-1,"maxHeight":0.5},{"name":"land","minHeight":0.5,"maxHeight":2}],"mapChunks":[{"width":1000,"height":1000,"scale":100,"maxZoom":1000,"minZoom":0.01,"generate":false},{"width":1000,"height":1000,"scale":10,"maxZoom":1000,"minZoom":0.1,"generate":true},{"width":1000,"height":1000,"scale":1,"maxZoom":1000,"minZoom":0.6,"generate":true}]}