{"name":"Awesome Map","width":1000,"height":1000,"scale":1000,"seed":66.90003360753522,"randomSeed":true,"locations":{"vegLocation":"./server/simulation/entities/vegetation","peopleLocation":"./server/simulation/entities/people"},"noise":{"seed":86.53598013157942,"randomSeed":true,"scale":0.000001,"octaves":12,"minNoiseHeight":-1.6723386752659535,"maxNoiseHeight":1.6673714203659595,"persistence":0.5,"lacunarity":2,"offsets":[[22787.33892192095,-65693.21578767014],[-10988.482780067396,-57500.031626908756],[24258.437213250945,4879.369274974393],[36179.44149172242,-42941.65557549862],[-32555.384795786915,78028.60334582612],[71410.35552674127,99358.46440503592],[89672.94393064894,14263.004716373878],[13783.230623311902,5873.487783829318],[-56075.911882866974,-28611.715452516422],[-53872.66004113529,-91898.57266326292],[-97168.64999687739,-9075.252505124037],[88536.38134558927,81992.79807231043]]},"biomes":[{"name":"water","minHeight":-1,"maxHeight":0.5},{"name":"land","minHeight":0.5,"maxHeight":2}],"mapChunks":[{"width":1000,"height":1000,"scale":100,"maxZoom":1000,"minZoom":0.01,"generate":false},{"width":1000,"height":1000,"scale":10,"maxZoom":1000,"minZoom":0.1,"generate":true},{"width":1000,"height":1000,"scale":1,"maxZoom":1000,"minZoom":0.6,"generate":true}]}