{"name":"Awesome Map","width":1000,"height":1000,"scale":1000,"seed":93.95112805513415,"randomSeed":true,"locations":{"vegLocation":"./server/simulation/entities/vegetation","peopleLocation":"./server/simulation/entities/people"},"noise":{"seed":90.04155615047232,"randomSeed":true,"scale":0.000001,"octaves":12,"minNoiseHeight":-1.6723386752659535,"maxNoiseHeight":1.6673714203659595,"persistence":0.5,"lacunarity":2,"offsets":[[95690.14906593226,-43302.22641296195],[-12163.816913972274,-14245.704657754977],[-25547.7226071685,36141.654564172146],[80537.65649055061,75900.18582328668],[47249.362533968,-5651.7123501001915],[-92915.93765166566,-42403.43780087049],[-38740.463391236524,-87574.5829241041],[-51489.32816966566,-3416.5938086918177],[97109.07027624603,82593.64752913386],[67797.57575306715,91481.65821217556],[-51015.5840131096,-5735.829917147479],[-20966.75836718455,70417.92463833911]]},"biomes":[{"name":"water","minHeight":-1,"maxHeight":0.5},{"name":"land","minHeight":0.5,"maxHeight":2}],"mapChunks":[{"width":1000,"height":1000,"scale":100,"maxZoom":1000,"minZoom":0.01,"generate":false},{"width":1000,"height":1000,"scale":10,"maxZoom":1000,"minZoom":0.1,"generate":true},{"width":1000,"height":1000,"scale":1,"maxZoom":1000,"minZoom":0.6,"generate":true}]}