{"name":"Awesome Map","width":1000,"height":1000,"scale":1000,"seed":46.68004988651998,"randomSeed":true,"locations":{"vegLocation":"./server/simulation/entities/vegetation","peopleLocation":"./server/simulation/entities/people"},"noise":{"seed":69.52247155143141,"randomSeed":true,"scale":0.000001,"octaves":12,"minNoiseHeight":-1.6723386752659535,"maxNoiseHeight":1.6673714203659595,"persistence":0.5,"lacunarity":2,"offsets":[[34452.647345823294,-13545.298196817326],[18784.47202766777,-92678.18832117801],[61476.02940592237,-45451.7070467683],[92992.25249425726,58424.113283287326],[-7477.118762588871,-11657.489859707217],[89235.48001905729,8841.37408508663],[70117.15706860696,75434.21386721573],[-93046.95384415568,-87767.18122560912],[56881.79020118332,-53089.98581407668],[37228.36394484353,-20666.99404889057],[-13808.566022157393,86520.52452960215],[-67848.55062303513,-64929.74424769679]]},"biomes":[{"name":"water","minHeight":-1,"maxHeight":0.5},{"name":"land","minHeight":0.5,"maxHeight":2}],"mapChunks":[{"width":1000,"height":1000,"scale":100,"maxZoom":1000,"minZoom":0.01,"generate":false},{"width":1000,"height":1000,"scale":10,"maxZoom":1000,"minZoom":0.1,"generate":true},{"width":1000,"height":1000,"scale":1,"maxZoom":1000,"minZoom":0.6,"generate":true}]}