{"name":"Awesome Map","width":1000,"height":1000,"scale":1000,"seed":7.459050339322889,"randomSeed":true,"locations":{"vegLocation":"./server/simulation/entities/vegetation","peopleLocation":"./server/simulation/entities/people"},"noise":{"seed":65.47919190481628,"randomSeed":true,"scale":0.000001,"octaves":12,"minNoiseHeight":-1.6723386752659535,"maxNoiseHeight":1.6673714203659595,"persistence":0.5,"lacunarity":2,"offsets":[[2364.0765183374606,80030.09927059067],[-51286.55213144652,-76587.57607061933],[19023.654183765815,-13708.436599723223],[-75250.39618517688,-68194.47923356187],[24271.00391218353,96920.01329628538],[-50684.1354867723,-49937.094468723],[-10252.24190759928,-73926.45123389445],[-79585.54132029992,57264.49818878487],[-38068.21523843831,-80219.15873189183],[37086.847774659924,-9053.304941091686],[39004.193935602845,-83573.08943599614],[39150.001007835934,72511.38223833745]]},"biomes":[{"name":"water","minHeight":-1,"maxHeight":0.5},{"name":"land","minHeight":0.5,"maxHeight":2}],"mapChunks":[{"width":1000,"height":1000,"scale":100,"maxZoom":1000,"minZoom":0.01,"generate":false},{"width":1000,"height":1000,"scale":10,"maxZoom":1000,"minZoom":0.1,"generate":true},{"width":1000,"height":1000,"scale":1,"maxZoom":1000,"minZoom":0.6,"generate":true}]}