{"name":"Awesome Map","width":1000,"height":1000,"scale":1000,"seed":82.68135946180553,"randomSeed":true,"locations":{"vegLocation":"./server/simulation/entities/vegetation","peopleLocation":"./server/simulation/entities/people"},"noise":{"seed":52.96394549897428,"randomSeed":true,"scale":0.000001,"octaves":12,"minNoiseHeight":-1.6723386752659535,"maxNoiseHeight":1.6673714203659595,"persistence":0.5,"lacunarity":2,"offsets":[[-86428.90585888505,72789.49589974605],[58944.41520857462,-30927.291167210322],[15215.142818450782,30195.83069225427],[-32252.472869770005,53302.19207261785],[-29668.67178032735,45185.72692322446],[-30474.813971872078,-19593.85570961899],[-32906.59870463483,-51517.27473890369],[86819.80637395094,-53276.020260944104],[-62378.44180984166,-83532.26494039787],[36748.13719777207,85628.91892637726],[-6400.120957700594,-74114.22438204891],[-3207.413255486521,-53568.78344683921]]},"biomes":[{"name":"water","minHeight":-1,"maxHeight":0.5},{"name":"land","minHeight":0.5,"maxHeight":2}],"mapChunks":[{"width":1000,"height":1000,"scale":100,"maxZoom":1000,"minZoom":0.01,"generate":false},{"width":1000,"height":1000,"scale":10,"maxZoom":1000,"minZoom":0.1,"generate":true},{"width":1000,"height":1000,"scale":1,"maxZoom":1000,"minZoom":0.6,"generate":true}]}