{"name":"Awesome Map","width":1000,"height":1000,"scale":1000,"seed":73.73478691099308,"randomSeed":true,"locations":{"vegLocation":"./server/simulation/entities/vegetation","peopleLocation":"./server/simulation/entities/people","otherLocation":"./server/simulation/entities/other"},"noise":{"seed":98.27701238517994,"randomSeed":true,"scale":0.000001,"octaves":12,"minNoiseHeight":-1.6723386752659535,"maxNoiseHeight":1.6673714203659595,"persistence":0.5,"lacunarity":2,"offsets":[[97459.89169312036,-21103.860152218767],[20325.018540779478,58828.243440140795],[-60915.54966385751,-72978.73279508337],[93496.75249268467,-28014.795595979405],[-98307.12570936835,87310.67140323404],[-71392.99249342806,-78827.71368824766],[-31913.560019910365,-55901.601940159664],[34532.62547829325,32359.06125706673],[89242.47302039366,4932.4411167892395],[79427.12659811441,-2060.2422355586896],[54218.2082929436,-32308.103790680398],[-4075.147268230736,-67223.4273724509]]},"biomes":[{"name":"water","minHeight":-1,"maxHeight":0.5},{"name":"land","minHeight":0.5,"maxHeight":2}],"mapChunks":[{"width":1000,"height":1000,"scale":100,"maxZoom":1000,"minZoom":0.01,"generate":false},{"width":1000,"height":1000,"scale":10,"maxZoom":1000,"minZoom":0.1,"generate":true},{"width":1000,"height":1000,"scale":1,"maxZoom":1000,"minZoom":0.6,"generate":true}]}