{"name":"Awesome Map","width":1000,"height":1000,"scale":1000,"seed":0.629032707683565,"randomSeed":true,"locations":{"vegLocation":"./server/simulation/entities/vegetation","peopleLocation":"./server/simulation/entities/people"},"noise":{"seed":26.37056997661414,"randomSeed":true,"scale":0.000001,"octaves":12,"minNoiseHeight":-1.6723386752659535,"maxNoiseHeight":1.6673714203659595,"persistence":0.5,"lacunarity":2,"offsets":[[-92036.37736694662,58615.7082029907],[-57810.3663463503,-37011.53242283139],[-98742.12925469592,-85337.60330643182],[-83559.01705362076,17040.11210201426],[85488.82411828625,68420.57470801365],[-74794.10027335332,-60531.43719957013],[-29494.946593397486,38807.97620520697],[27630.75143208205,-21959.8231420644],[-87243.4273601977,-3626.184935407291],[-6054.889180597529,18969.460767207842],[-98211.30522594077,-83505.89248179444],[-97026.24390362467,94863.91679863827]]},"biomes":[{"name":"water","minHeight":-1,"maxHeight":0.5},{"name":"land","minHeight":0.5,"maxHeight":2}],"mapChunks":[{"width":1000,"height":1000,"scale":100,"maxZoom":1000,"minZoom":0.01,"generate":false},{"width":1000,"height":1000,"scale":10,"maxZoom":1000,"minZoom":0.1,"generate":true},{"width":1000,"height":1000,"scale":1,"maxZoom":1000,"minZoom":0.6,"generate":true}]}