{"name":"Awesome Map","width":1000,"height":1000,"scale":1000,"seed":57.77749677329378,"randomSeed":true,"locations":{"vegLocation":"./server/simulation/entities/vegetation","peopleLocation":"./server/simulation/entities/people"},"noise":{"seed":8.91298419525562,"randomSeed":true,"scale":0.000001,"octaves":12,"minNoiseHeight":-1.6723386752659535,"maxNoiseHeight":1.6673714203659595,"persistence":0.5,"lacunarity":2,"offsets":[[-77500.29203209402,-62841.9912230154],[-89257.15696089089,-78418.44862090443],[35950.645675670734,-72112.13112019333],[16148.544855642103,-79393.91948219763],[-24220.594431694626,5507.507916490795],[-86372.09207837042,27092.220572373684],[93344.76176534232,91827.33604151677],[96494.39856192577,61927.70542231266],[-69344.22658433046,-45020.97399460056],[61202.40383186031,-63152.21774311533],[23760.11436258367,-83284.85134079163],[75551.52014321936,79104.72891910115]]},"biomes":[{"name":"water","minHeight":-1,"maxHeight":0.5},{"name":"land","minHeight":0.5,"maxHeight":2}],"mapChunks":[{"width":1000,"height":1000,"scale":100,"maxZoom":1000,"minZoom":0.01,"generate":false},{"width":1000,"height":1000,"scale":10,"maxZoom":1000,"minZoom":0.1,"generate":true},{"width":1000,"height":1000,"scale":1,"maxZoom":1000,"minZoom":0.6,"generate":true}]}