{"name":"Awesome Map","width":1000,"height":1000,"scale":1000,"seed":91.32964815195035,"randomSeed":true,"locations":{"vegLocation":"./server/simulation/entities/vegetation","peopleLocation":"./server/simulation/entities/people"},"noise":{"seed":44.41059372740162,"randomSeed":true,"scale":0.000001,"octaves":12,"minNoiseHeight":-1.6723386752659535,"maxNoiseHeight":1.6673714203659595,"persistence":0.5,"lacunarity":2,"offsets":[[3874.138079296914,44724.359673280735],[7207.100780296998,95362.66602871363],[-81904.91279934435,79107.44952972769],[-4189.9371939986595,-39284.805259936096],[-61945.24101407935,-92425.38966089078],[-77441.91989141557,-81640.16895540549],[16832.85688360079,25285.167048709307],[59401.47058105588,-49872.73325875202],[-57455.92229550897,-50825.22217948915],[8738.686631354169,45392.59944468655],[-58412.72000114208,34295.716781595256],[-49381.155921342935,-93606.79590619844]]},"biomes":[{"name":"water","minHeight":-1,"maxHeight":0.5},{"name":"land","minHeight":0.5,"maxHeight":2}],"mapChunks":[{"width":1000,"height":1000,"scale":100,"maxZoom":1000,"minZoom":0.01,"generate":false},{"width":1000,"height":1000,"scale":10,"maxZoom":1000,"minZoom":0.1,"generate":true},{"width":1000,"height":1000,"scale":1,"maxZoom":1000,"minZoom":0.6,"generate":true}]}