{"name":"Awesome Map","width":1000,"height":1000,"scale":1000,"seed":55.34030912200991,"randomSeed":true,"locations":{"vegLocation":"./server/simulation/entities/vegetation","peopleLocation":"./server/simulation/entities/people"},"noise":{"seed":90.68538933190446,"randomSeed":true,"scale":0.000001,"octaves":12,"minNoiseHeight":-1.6723386752659535,"maxNoiseHeight":1.6673714203659595,"persistence":0.5,"lacunarity":2,"offsets":[[36213.2199903077,40640.378106976976],[99094.53228183367,-50878.794235467154],[-70420.97820866598,-25726.026050208122],[88919.5061285138,13585.173998753162],[-80061.7472091847,-17667.067506760344],[-3792.4163222362986,-85292.6638215567],[55802.166244878754,43326.55299893237],[63355.05227019111,-15023.332759166646],[46715.94538548027,-91506.37290523903],[83377.73741933104,-38591.7476812378],[79512.24175074304,-12013.645256503863],[33688.62974592176,24274.99647790134]]},"biomes":[{"name":"water","minHeight":-1,"maxHeight":0.5},{"name":"land","minHeight":0.5,"maxHeight":2}],"mapChunks":[{"width":1000,"height":1000,"scale":100,"maxZoom":1000,"minZoom":0.01,"generate":false},{"width":1000,"height":1000,"scale":10,"maxZoom":1000,"minZoom":0.1,"generate":true},{"width":1000,"height":1000,"scale":1,"maxZoom":1000,"minZoom":0.6,"generate":true}]}