{"name":"Awesome Map","width":1000,"height":1000,"scale":1000,"seed":10.722290770838137,"randomSeed":true,"locations":{"vegLocation":"./server/simulation/entities/vegetation","peopleLocation":"./server/simulation/entities/people"},"noise":{"seed":20.93069353908168,"randomSeed":true,"scale":0.000001,"octaves":12,"minNoiseHeight":-1.6723386752659535,"maxNoiseHeight":1.6673714203659595,"persistence":0.5,"lacunarity":2,"offsets":[[4411.011595521792,-8722.662332419015],[-88615.10339177199,-99288.98917732721],[-5124.71179946528,20546.10943034076],[96690.03006329923,88083.20731224556],[-34986.79181421281,-59531.862047537245],[69913.42457778347,77653.57164601961],[69732.51493524903,85008.19519898022],[-1208.7042895717314,-38341.75133183154],[-52487.889265826845,42026.88242360027],[-95355.3966131424,45713.845006790914],[20635.895008315754,-92870.24768325458],[-68681.34449871458,49767.14956200204]]},"biomes":[{"name":"water","minHeight":-1,"maxHeight":0.5},{"name":"land","minHeight":0.5,"maxHeight":2}],"mapChunks":[{"width":1000,"height":1000,"scale":100,"maxZoom":1000,"minZoom":0.01,"generate":false},{"width":1000,"height":1000,"scale":10,"maxZoom":1000,"minZoom":0.1,"generate":true},{"width":1000,"height":1000,"scale":1,"maxZoom":1000,"minZoom":0.6,"generate":true}]}