{"name":"Awesome Map","width":1000,"height":1000,"scale":1000,"seed":87.58210816684571,"randomSeed":true,"locations":{"vegLocation":"./server/simulation/entities/vegetation","peopleLocation":"./server/simulation/entities/people"},"noise":{"seed":5.556461792422028,"randomSeed":true,"scale":0.000001,"octaves":12,"minNoiseHeight":-1.6723386752659535,"maxNoiseHeight":1.6673714203659595,"persistence":0.5,"lacunarity":2,"offsets":[[6719.346844954736,19745.089722855584],[87787.44208715594,-38644.624372810635],[2801.060273373325,-55349.03985217694],[56250.59902169698,31372.99012809145],[66753.59625362424,-25262.816761595357],[6411.404792777845,46132.64671733769],[-79205.64686075093,45819.867319966084],[63975.32193804614,65565.76151937825],[-22125.478888283295,19515.909347912093],[40015.41053119398,-74282.14964006144],[24524.922724762946,-59801.8628458205],[-68068.74299266598,25465.35184555048]]},"biomes":[{"name":"water","minHeight":-1,"maxHeight":0.5},{"name":"land","minHeight":0.5,"maxHeight":2}],"mapChunks":[{"width":1000,"height":1000,"scale":100,"maxZoom":1000,"minZoom":0.01,"generate":false},{"width":1000,"height":1000,"scale":10,"maxZoom":1000,"minZoom":0.1,"generate":true},{"width":1000,"height":1000,"scale":1,"maxZoom":1000,"minZoom":0.6,"generate":true}]}