{"name":"Awesome Map","width":1000,"height":1000,"scale":1000,"seed":32.650303239912716,"regenerate":true,"randomSeed":true,"noise":{"seed":85.92224491876921,"randomSeed":true,"scale":0.000001,"octaves":12,"minNoiseHeight":-1.6723386752659535,"maxNoiseHeight":1.6673714203659595,"persistence":0.5,"lacunarity":2,"offsets":[[40758.563436052966,-37019.28524301841],[-94530.15400791062,-56014.06030309288],[82754.80817650797,-83792.257242746],[67018.95545698245,-41494.50690178746],[-76457.10872766319,-67162.71735866593],[-25201.447394384784,-17416.631585659474],[-19201.058555747324,20478.24479695513],[81267.72254730877,1578.216702463702],[-2838.4019168281666,-18996.65398784213],[-85123.25207702482,-39629.93873907814],[-27700.90355103863,539.1918237853388],[28885.01325134214,27847.155249658666]]},"biomes":[{"name":"water","minHeight":-1,"maxHeight":0.5},{"name":"land","minHeight":0.5,"maxHeight":2}],"mapChunks":[{"width":1000,"height":1000,"scale":100,"maxZoom":1000,"minZoom":0.01,"generate":false},{"width":1000,"height":1000,"scale":10,"maxZoom":1000,"minZoom":0.1,"generate":true},{"width":1000,"height":1000,"scale":1,"maxZoom":1000,"minZoom":0.6,"generate":true}]}