{"name":"Awesome Map","width":1000,"height":1000,"scale":1000,"seed":29.559188322553005,"regenerate":true,"randomSeed":true,"noise":{"seed":29.866733328317675,"randomSeed":true,"scale":0.000001,"octaves":12,"minNoiseHeight":-1.6723386752659535,"maxNoiseHeight":1.6673714203659595,"persistence":0.5,"lacunarity":2,"offsets":[[79608.83633108102,-82962.63695657531],[86230.16353283866,-22721.454826169007],[-35889.12211962853,40909.77638791865],[44480.75539900092,54929.72960011894],[45656.15291870365,-16665.22637616165],[-12677.095203136822,-23279.99875911999],[-58834.94848129018,-53274.78661566569],[-39725.29175368942,-37240.612363699176],[5453.587971415371,-16754.66252957635],[-68831.33480152441,91540.93624827504],[-29398.77424473199,-4706.911197938796],[8762.703763621626,2263.551890439325]]},"biomes":[{"name":"water","minHeight":-1,"maxHeight":0.5},{"name":"land","minHeight":0.5,"maxHeight":2}],"mapChunks":[{"width":1000,"height":1000,"scale":100,"maxZoom":1000,"minZoom":0.01,"generate":false},{"width":1000,"height":1000,"scale":10,"maxZoom":1000,"minZoom":0.1,"generate":true},{"width":1000,"height":1000,"scale":1,"maxZoom":1000,"minZoom":0.6,"generate":true}]}