{"name":"Awesome Map","width":1000,"height":1000,"scale":1000,"seed":70.79685865717954,"randomSeed":true,"locations":{"vegLocation":"./server/simulation/entities/vegetation","peopleLocation":"./server/simulation/entities/people"},"noise":{"seed":68.34800075180199,"randomSeed":true,"scale":0.000001,"octaves":12,"minNoiseHeight":-1.6723386752659535,"maxNoiseHeight":1.6673714203659595,"persistence":0.5,"lacunarity":2,"offsets":[[-62694.127580199834,52025.424624447536],[-65904.99012762302,-81785.20386065244],[-67328.86282418204,43217.52504361572],[-19946.03156665461,64740.90780766291],[-92040.53807018751,-23747.517251344645],[-20615.804317854185,-7826.2444395945495],[-67762.93353857008,-65751.74597674514],[-1296.7049010554474,-1251.2703541961237],[27461.582281121795,85922.96545570827],[57321.88694528313,73189.12399243633],[13662.631082311287,77525.51749550534],[72481.2481804777,-18053.296242948505]]},"biomes":[{"name":"water","minHeight":-1,"maxHeight":0.5},{"name":"land","minHeight":0.5,"maxHeight":2}],"mapChunks":[{"width":1000,"height":1000,"scale":100,"maxZoom":1000,"minZoom":0.01,"generate":false},{"width":1000,"height":1000,"scale":10,"maxZoom":1000,"minZoom":0.1,"generate":true},{"width":1000,"height":1000,"scale":1,"maxZoom":1000,"minZoom":0.6,"generate":true}]}