{"name":"Awesome Map","width":1000,"height":1000,"scale":1000,"noise":{"seed":5.2706897887916515,"randomSeed":true,"scale":0.000001,"octaves":8,"minNoiseHeight":-1.6723386752659535,"maxNoiseHeight":1.6673714203659595,"persistence":0.5,"lacunarity":2,"offsets":[[24250.10505951679,50120.07679200714],[93275.43276683966,-75979.15603413223],[-69802.20136548043,73128.3197420451],[22102.739731495458,14320.093778772076],[-96625.49991425815,-25057.98833516844],[-69733.2633260095,-7185.166551875562],[-75513.64329290237,-37874.26937239268],[-24357.283497867174,7005.649430282239]]},"biomes":[{"name":"water","height":0.5},{"name":"land","heigh":0.5}]}