{"name":"Awesome Map","width":1000,"height":1000,"scale":1000,"seed":96.91914368597637,"randomSeed":true,"locations":{"vegLocation":"./server/simulation/entities/vegetation","peopleLocation":"./server/simulation/entities/people"},"noise":{"seed":82.33213346703585,"randomSeed":true,"scale":0.000001,"octaves":12,"minNoiseHeight":-1.6723386752659535,"maxNoiseHeight":1.6673714203659595,"persistence":0.5,"lacunarity":2,"offsets":[[-84972.06435000843,-70390.10611287941],[8720.61062016929,-34970.110008335774],[-68057.30033370556,39162.51057999692],[68701.23456516114,99359.7019102058],[72864.60127153812,-65219.66146833435],[41135.20757886814,69806.10275721017],[-18026.55606368379,71043.4363090116],[7807.212322269508,33838.805653098796],[-80584.51043938693,70726.03160803523],[-1957.6358768314676,-44213.995587648955],[-59826.994645534745,-86546.64167744311],[-70649.50733200136,26810.015138013026]]},"biomes":[{"name":"water","minHeight":-1,"maxHeight":0.5},{"name":"land","minHeight":0.5,"maxHeight":2}],"mapChunks":[{"width":1000,"height":1000,"scale":100,"maxZoom":1000,"minZoom":0.01,"generate":false},{"width":1000,"height":1000,"scale":10,"maxZoom":1000,"minZoom":0.1,"generate":true},{"width":1000,"height":1000,"scale":1,"maxZoom":1000,"minZoom":0.6,"generate":true}]}