{"name":"Awesome Map","width":1000,"height":1000,"scale":1000,"noise":{"seed":80.25029871484296,"randomSeed":true,"scale":0.000001,"octaves":8,"minNoiseHeight":-1.6723386752659535,"maxNoiseHeight":1.6673714203659595,"persistence":0.5,"lacunarity":2,"offsets":[[958.621703809913,-58089.28097743387],[-90455.4885947246,-4494.64702290151],[-7869.452010114212,-88497.61970008854],[82923.28874970254,-40290.65416164889],[54361.8602255093,2756.0339080199774],[90960.51472965261,-53567.524169522716],[-39100.65789181334,23046.617811454897],[5331.025234545712,60276.06251418378]]},"biomes":[{"name":"water","height":0.5},{"name":"land","heigh":0.5}]}