{"name":"Awesome Map","width":1000,"height":1000,"scale":1000,"seed":62.26328074907927,"randomSeed":true,"locations":{"vegLocation":"./server/simulation/entities/vegetation","peopleLocation":"./server/simulation/entities/people"},"noise":{"seed":99.08432917657882,"randomSeed":true,"scale":0.000001,"octaves":12,"minNoiseHeight":-1.6723386752659535,"maxNoiseHeight":1.6673714203659595,"persistence":0.5,"lacunarity":2,"offsets":[[36227.14148016716,-10801.344479653577],[76609.56083727226,65748.4283403405],[12302.567761752754,-23099.784089132838],[-84659.24866669491,-2692.713407364339],[-31040.909613874217,91141.16342428201],[84798.37807247267,-92375.31525580294],[88380.86893376996,81036.81592785232],[77347.70436022588,593.533161334839],[-33592.41038410063,5556.37102645394],[89413.65607339735,74817.55965119411],[59528.558384431584,-53029.68290575175],[33316.65884453955,-48769.96326794424]]},"biomes":[{"name":"water","minHeight":-1,"maxHeight":0.5},{"name":"land","minHeight":0.5,"maxHeight":2}],"mapChunks":[{"width":1000,"height":1000,"scale":100,"maxZoom":1000,"minZoom":0.01,"generate":false},{"width":1000,"height":1000,"scale":10,"maxZoom":1000,"minZoom":0.1,"generate":true},{"width":1000,"height":1000,"scale":1,"maxZoom":1000,"minZoom":0.6,"generate":true}]}