{"name":"Awesome Map","width":1000,"height":1000,"scale":1000,"seed":57.015506444459476,"regenerate":true,"randomSeed":true,"noise":{"seed":84.2101866448262,"randomSeed":true,"scale":0.000001,"octaves":12,"minNoiseHeight":-1.6723386752659535,"maxNoiseHeight":1.6673714203659595,"persistence":0.5,"lacunarity":2,"offsets":[[-66093.17242218557,46069.744481397734],[47763.36054222321,-86086.39730250559],[-58328.3604616181,-63624.76132774379],[-56512.54127613636,48995.59134607075],[-52014.206365840735,81588.75564572302],[-68003.97010168406,-28539.14250660081],[-11751.43064367697,-6437.370173860778],[31243.889573414228,-89094.79017412433],[77657.61390003993,-42185.63616030039],[-83538.86430965562,-43739.497446206566],[-42366.78907686696,-15324.736294103917],[-14389.49140968101,59603.86082076508]]},"biomes":[{"name":"water","minHeight":-1,"maxHeight":0.5},{"name":"land","minHeight":0.5,"maxHeight":2}],"mapChunks":[{"width":1000,"height":1000,"scale":100,"maxZoom":1000,"minZoom":0.01,"generate":false},{"width":1000,"height":1000,"scale":10,"maxZoom":1000,"minZoom":0.1,"generate":true},{"width":1000,"height":1000,"scale":1,"maxZoom":1000,"minZoom":0.6,"generate":true}]}