{
    "name": "Awesome Map",
    "width": 1000,
    "height": 1000,
    "scale": 1000,
    "seed": 53.91756872776094,
    "regenerate": false,
    "randomSeed": true,
    "noise": {
        "seed": 57.2667124863809,
        "randomSeed": false,
        "scale": 0.000001,
        "octaves": 12,
        "minNoiseHeight": -1.6723386752659535,
        "maxNoiseHeight": 1.6673714203659595,
        "persistence": 0.5,
        "lacunarity": 2,
        "offsets": [
            [
                65473.52421633422,
                10831.903513610101
            ],
            [
                -45723.48454067879,
                66347.70196502787
            ],
            [
                45304.28066963257,
                -16473.989337614927
            ],
            [
                96385.19424136559,
                95566.43395481669
            ],
            [
                29810.78299845774,
                21196.04391442376
            ],
            [
                97210.33420455299,
                90107.07388591935
            ],
            [
                61354.48857804414,
                10488.97482197579
            ],
            [
                -60653.322608442875,
                -92414.97740413052
            ],
            [
                -89534.92642115628,
                93516.36061919894
            ],
            [
                15721.726520991535,
                48775.919434508396
            ],
            [
                -77062.2266587607,
                52990.96334330714
            ],
            [
                -86731.99164521496,
                -50643.741377008
            ]
        ]
    },
    "biomes": [
        {
            "name": "water",
            "height": 0.5
        },
        {
            "name": "land",
            "heigh": 0.5
        }
    ],
    "mapChunks": [
        {
            "width": 1000,
            "height": 1000,
            "scale": 100,
            "maxZoom": 1000,
            "minZoom": 0.01,
            "generate":false
        },
        {
            "width": 1000,
            "height": 1000,
            "scale": 1,
            "maxZoom": 1000,
            "minZoom": 0.1,
            "generate":true
        }
    ]
}