{"name":"Awesome Map","width":1000,"height":1000,"scale":1000,"seed":55.54641140467558,"randomSeed":true,"locations":{"vegLocation":"./server/simulation/entities/vegetation","peopleLocation":"./server/simulation/entities/people"},"noise":{"seed":76.78311712474894,"randomSeed":true,"scale":0.000001,"octaves":12,"minNoiseHeight":-1.6723386752659535,"maxNoiseHeight":1.6673714203659595,"persistence":0.5,"lacunarity":2,"offsets":[[39039.246218431916,68087.49061746759],[-96091.57749589579,-60645.95143237425],[27584.084033436215,26598.062692836393],[-53055.5525832214,-51825.14234116519],[15838.276072031076,-56343.2012577353],[63313.60135372274,75011.75434089135],[16048.047471532918,-33792.63194509804],[-5526.669302707844,23086.239362332068],[-55031.237223289856,-86482.33569106257],[13559.729518622364,60184.21525051253],[-69128.07557912017,92052.1351321607],[65451.66601253484,-5325.91828187475]]},"biomes":[{"name":"water","minHeight":-1,"maxHeight":0.5},{"name":"land","minHeight":0.5,"maxHeight":2}],"mapChunks":[{"width":1000,"height":1000,"scale":100,"maxZoom":1000,"minZoom":0.01,"generate":false},{"width":1000,"height":1000,"scale":10,"maxZoom":1000,"minZoom":0.1,"generate":true},{"width":1000,"height":1000,"scale":1,"maxZoom":1000,"minZoom":0.6,"generate":true}]}