{"name":"Awesome Map","width":1000,"height":1000,"scale":1000,"seed":0.22982007007987904,"randomSeed":true,"locations":{"vegLocation":"./server/simulation/entities/vegetation","peopleLocation":"./server/simulation/entities/people"},"noise":{"seed":25.6097229711684,"randomSeed":true,"scale":0.000001,"octaves":12,"minNoiseHeight":-1.6723386752659535,"maxNoiseHeight":1.6673714203659595,"persistence":0.5,"lacunarity":2,"offsets":[[-46858.21082511221,-7371.715499033817],[7014.768767974107,-20400.016283903125],[-49814.39263864159,99875.67016498285],[-31590.43327973617,-78268.87069931105],[26542.14428032076,-44059.3004369156],[25874.515309643728,-41048.639773043884],[66231.17570372522,2755.520965824049],[86469.48483718821,-46032.13085009246],[-99127.88220866825,-1789.6930019750725],[79363.27195656372,54912.25752855206],[99623.27559890706,-10633.874213889067],[-57182.49052687793,56777.73207693765]]},"biomes":[{"name":"water","minHeight":-1,"maxHeight":0.5},{"name":"land","minHeight":0.5,"maxHeight":2}],"mapChunks":[{"width":1000,"height":1000,"scale":100,"maxZoom":1000,"minZoom":0.01,"generate":false},{"width":1000,"height":1000,"scale":10,"maxZoom":1000,"minZoom":0.1,"generate":true},{"width":1000,"height":1000,"scale":1,"maxZoom":1000,"minZoom":0.6,"generate":true}]}