{
    "name": "Awesome Map",
    "width": 1000,
    "height": 1000,
    "scale": 1000,
    "noise": {
        "seed": 34.548240681943234,
        "randomSeed": true,
        "scale": 0.000001,
        "octaves": 8,
        "minNoiseHeight": -1.6723386752659535,
        "maxNoiseHeight": 1.6673714203659595,
        "persistence": 0.5,
        "lacunarity": 2,
        "offsets": [
            [
                74458.26109775688,
                26203.386442941293
            ],
            [
                42477.49636474866,
                20460.56513544936
            ],
            [
                38897.218348954135,
                22807.223595957155
            ],
            [
                -44965.698794446085,
                17958.969231536452
            ],
            [
                18793.456300862294,
                -29825.445790398036
            ],
            [
                16923.500298295345,
                -24820.783550242355
            ],
            [
                -5554.085907598259,
                -60669.9856478495
            ],
            [
                -74357.29339587463,
                -29664.610900653177
            ]
        ]
    },
    "biomes": [
        {
            "name": "water",
            "height": 0.5
        },
        {
            "name": "land",
            "heigh": 0.5
        }
    ],
    "mapChunks": [
        {
            "width": 1000,
            "height": 1000,
            "scale": 100,
            "maxZoom": 1000,
            "minZoom": 0.01
        },
        {
            "width": 1000,
            "height": 1000,
            "scale": 1,
            "maxZoom": 1000,
            "minZoom": 2
        }
    ]
}