{"name":"Awesome Map","width":1000,"height":1000,"scale":1000,"seed":27.057033775954192,"randomSeed":true,"locations":{"vegLocation":"./server/simulation/entities/vegetation","peopleLocation":"./server/simulation/entities/people"},"noise":{"seed":58.31122437532106,"randomSeed":true,"scale":0.000001,"octaves":12,"minNoiseHeight":-1.6723386752659535,"maxNoiseHeight":1.6673714203659595,"persistence":0.5,"lacunarity":2,"offsets":[[26009.49251566484,-24055.60622485254],[89111.14680058692,-7056.683005885192],[-77157.60510357335,40264.33369500609],[-67101.61429755062,95299.07940851012],[-90183.43534734132,11264.706248983275],[69655.69042759098,24810.07974815574],[-27941.67244895766,-1548.689212212863],[-75258.18378403343,-65035.69719545325],[33478.263102087134,96381.68654541599],[17878.22138348747,1635.8132135569467],[4755.897832441173,36541.92466800197],[29899.528255116165,-88056.61846257838]]},"biomes":[{"name":"water","minHeight":-1,"maxHeight":0.5},{"name":"land","minHeight":0.5,"maxHeight":2}],"mapChunks":[{"width":1000,"height":1000,"scale":100,"maxZoom":1000,"minZoom":0.01,"generate":false},{"width":1000,"height":1000,"scale":10,"maxZoom":1000,"minZoom":0.1,"generate":true},{"width":1000,"height":1000,"scale":1,"maxZoom":1000,"minZoom":0.6,"generate":true}]}