{"name":"Awesome Map","width":1000,"height":1000,"scale":1000,"seed":41.73856812973301,"randomSeed":true,"locations":{"vegLocation":"./server/simulation/entities/vegetation","peopleLocation":"./server/simulation/entities/people"},"noise":{"seed":14.715420534078202,"randomSeed":true,"scale":0.000001,"octaves":12,"minNoiseHeight":-1.6723386752659535,"maxNoiseHeight":1.6673714203659595,"persistence":0.5,"lacunarity":2,"offsets":[[-29078.535891284177,69989.67154990527],[9608.81729293958,4996.477812684156],[77184.17779146298,45831.95909789356],[7594.914769646173,28478.312121343595],[96706.16884533965,-52448.49851992041],[-7596.038895447113,70151.29725869748],[-53053.32756201633,69529.78447250067],[-69028.67584621027,9756.112600942026],[-85353.17265347028,-30869.68905656351],[75355.47740732986,-23363.295389032777],[-43257.95067442053,-55305.86391622615],[42338.60751164143,12123.150724404244]]},"biomes":[{"name":"water","minHeight":-1,"maxHeight":0.5},{"name":"land","minHeight":0.5,"maxHeight":2}],"mapChunks":[{"width":1000,"height":1000,"scale":100,"maxZoom":1000,"minZoom":0.01,"generate":false},{"width":1000,"height":1000,"scale":10,"maxZoom":1000,"minZoom":0.1,"generate":true},{"width":1000,"height":1000,"scale":1,"maxZoom":1000,"minZoom":0.6,"generate":true}]}