{"name":"Awesome Map","width":1000,"height":1000,"scale":1000,"seed":12.551240746868503,"randomSeed":true,"locations":{"vegLocation":"./server/simulation/entities/vegetation","peopleLocation":"./server/simulation/entities/people"},"noise":{"seed":16.49423704003524,"randomSeed":true,"scale":0.000001,"octaves":12,"minNoiseHeight":-1.6723386752659535,"maxNoiseHeight":1.6673714203659595,"persistence":0.5,"lacunarity":2,"offsets":[[-71179.09352226733,-44165.80844416183],[-91462.20395767663,-7289.975006886278],[-86048.78615705362,37570.38786868041],[11577.281855228925,59401.60943712143],[-28802.42353409485,-97434.8339129989],[45038.15557516043,10007.968013294027],[-78089.8192506534,-27228.97312894727],[22706.308073821478,-39713.577611104825],[-99271.72900980401,98616.23165594458],[34680.31998563619,24957.104360806625],[62072.44368248893,-75319.9021982837],[66139.62098764023,10967.576956689241]]},"biomes":[{"name":"water","minHeight":-1,"maxHeight":0.5},{"name":"land","minHeight":0.5,"maxHeight":2}],"mapChunks":[{"width":1000,"height":1000,"scale":100,"maxZoom":1000,"minZoom":0.01,"generate":false},{"width":1000,"height":1000,"scale":10,"maxZoom":1000,"minZoom":0.1,"generate":true},{"width":1000,"height":1000,"scale":1,"maxZoom":1000,"minZoom":0.6,"generate":true}]}