{
    "name": "Awesome Map",
    "width": 1000,
    "height": 1000,
    "scale": 1000,
    "noise": {
        "seed": 1.3468996105944198,
        "randomSeed": true,
        "scale": 0.000001,
        "octaves": 12,
        "minNoiseHeight": -1.6723386752659535,
        "maxNoiseHeight": 1.6673714203659595,
        "persistence": 0.5,
        "lacunarity": 2,
        "offsets": [
            [
                -9464.26188487839,
                98997.46466946445
            ],
            [
                -70001.14287220222,
                -36252.47053211833
            ],
            [
                -95487.20984396212,
                -39287.72284270922
            ],
            [
                -93796.81145653871,
                -5921.684202384509
            ],
            [
                -69816.6678729836,
                22138.798435142977
            ],
            [
                -59840.87021760594,
                81515.23965169897
            ],
            [
                34515.413818645,
                93255.62375126238
            ],
            [
                -95792.79782278891,
                -37401.73319339608
            ],
            [
                70509.88891335207,
                41041.052603120246
            ],
            [
                44619.955366901384,
                -15838.166961079798
            ],
            [
                60982.246896370605,
                11541.117385048245
            ],
            [
                85235.14675934313,
                59897.46012812437
            ]
        ]
    },
    "biomes": [
        {
            "name": "water",
            "height": 0.5
        },
        {
            "name": "land",
            "heigh": 0.5
        }
    ],
    "mapChunks": [
        {
            "width": 1000,
            "height": 1000,
            "scale": 100,
            "maxZoom": 1000,
            "minZoom": 0.01
        },
        {
            "width": 1000,
            "height": 1000,
            "scale": 1,
            "maxZoom": 1000,
            "minZoom": 0.1
        }
    ]
}